id,category,link
0,Generated,https://www.google.com
1,Generated,https://www.google.com
2,Generated,https://www.google.com
3,Generated,https://www.google.com
4,Generated,https://www.google.com
5,Generated,https://www.google.com
6,Generated,https://www.google.com
7,Generated,https://www.google.com
8,Generated,https://www.google.com
9,Generated,https://www.google.com
10,Generated,https://www.google.com
11,Generated,https://www.google.com
12,Generated,https://www.google.com
13,Generated,https://www.google.com
14,Generated,https://www.google.com
15,Generated,https://www.google.com
16,Generated,https://www.google.com
17,Generated,https://www.google.com
18,Generated,https://www.google.com
19,Generated,https://www.google.com
20,Generated,https://www.google.com
21,Generated,https://www.google.com
22,Generated,https://www.google.com
23,Generated,https://www.google.com
24,Generated,https://www.google.com
25,Generated,https://www.google.com
26,Generated,https://www.google.com
27,Generated,https://www.google.com
28,Generated,https://www.google.com
29,Generated,https://www.google.com
30,Generated,https://www.google.com
31,Generated,https://www.google.com
32,Generated,https://www.google.com
33,Generated,https://www.google.com
34,Generated,https://www.google.com
35,Generated,https://www.google.com
36,Generated,https://www.google.com
37,Generated,https://www.google.com
38,Generated,https://www.google.com
39,Generated,https://www.google.com
40,Generated,https://www.google.com
41,Generated,https://www.google.com
42,Generated,https://www.google.com
43,Generated,https://www.google.com
44,Generated,https://www.google.com
45,Generated,https://www.google.com
46,Generated,https://www.google.com
47,Generated,https://www.google.com
48,Generated,https://www.google.com
49,Generated,https://www.google.com
50,Generated,https://www.google.com
51,Generated,https://www.google.com
52,Generated,https://www.google.com
53,Generated,https://www.google.com
54,Generated,https://www.google.com
55,Generated,https://www.google.com
56,Generated,https://www.google.com
57,Generated,https://www.google.com
58,Generated,https://www.google.com
59,Generated,https://www.google.com
60,Generated,https://www.google.com
61,Generated,https://www.google.com
62,Generated,https://www.google.com
63,Generated,https://www.google.com
64,Generated,https://www.google.com
65,Generated,https://www.google.com
66,Generated,https://www.google.com
67,Generated,https://www.google.com
68,Generated,https://www.google.com
69,Generated,https://www.google.com
70,Generated,https://www.google.com
71,Generated,https://www.google.com
72,Generated,https://www.google.com
73,Generated,https://www.google.com
74,Generated,https://www.google.com
75,Generated,https://www.google.com
76,Generated,https://www.google.com
77,Generated,https://www.google.com
78,Generated,https://www.google.com
79,Generated,https://www.google.com
80,Generated,https://www.google.com
81,Generated,https://www.google.com
82,Generated,https://www.google.com
83,Generated,https://www.google.com
84,Generated,https://www.google.com
85,Generated,https://www.google.com
86,Generated,https://www.google.com
87,Generated,https://www.google.com
88,Generated,https://www.google.com
89,Generated,https://www.google.com
90,Generated,https://www.google.com
91,Generated,https://www.google.com
92,Generated,https://www.google.com
93,Generated,https://www.google.com
94,Generated,https://www.google.com
95,Generated,https://www.google.com
96,Generated,https://www.google.com
97,Generated,https://www.google.com
98,Generated,https://www.google.com
99,Generated,https://www.google.com
100,Generated,https://www.google.com
101,Generated,https://www.google.com
102,Generated,https://www.google.com
103,Generated,https://www.google.com
104,Generated,https://www.google.com
105,Generated,https://www.google.com
106,Generated,https://www.google.com
107,Generated,https://www.google.com
108,Generated,https://www.google.com
109,Generated,https://www.google.com
110,Generated,https://www.google.com
111,Generated,https://www.google.com
112,Generated,https://www.google.com
113,Generated,https://www.google.com
114,Generated,https://www.google.com
115,Generated,https://www.google.com
116,Generated,https://www.google.com
117,Generated,https://www.google.com
118,Generated,https://www.google.com
119,Generated,https://www.google.com
120,Generated,https://www.google.com
121,Generated,https://www.google.com
122,Generated,https://www.google.com
123,Generated,https://www.google.com
124,Generated,https://www.google.com
125,Generated,https://www.google.com
126,Generated,https://www.google.com
127,Generated,https://www.google.com
128,Generated,https://www.google.com
129,Generated,https://www.google.com
130,Generated,https://www.google.com
131,Generated,https://www.google.com
132,Generated,https://www.google.com
133,Generated,https://www.google.com
134,Generated,https://www.google.com
135,Generated,https://www.google.com
136,Generated,https://www.google.com
137,Generated,https://www.google.com
138,Generated,https://www.google.com
139,Generated,https://www.google.com
140,Generated,https://www.google.com
141,Generated,https://www.google.com
142,Generated,https://www.google.com
143,Generated,https://www.google.com
144,Generated,https://www.google.com
145,Generated,https://www.google.com
146,Generated,https://www.google.com
147,Generated,https://www.google.com
148,Generated,https://www.google.com
149,Generated,https://www.google.com
150,Generated,https://www.google.com
151,Generated,https://www.google.com
152,Generated,https://www.google.com
153,Generated,https://www.google.com
154,Generated,https://www.google.com
155,Generated,https://www.google.com
156,Generated,https://www.google.com
157,Generated,https://www.google.com
158,Generated,https://www.google.com
159,Generated,https://www.google.com
160,Generated,https://www.google.com
161,Generated,https://www.google.com
162,Generated,https://www.google.com
163,Generated,https://www.google.com
164,Generated,https://www.google.com
165,Generated,https://www.google.com
166,Generated,https://www.google.com
167,Generated,https://www.google.com
168,Generated,https://www.google.com
169,Generated,https://www.google.com
170,Generated,https://www.google.com
171,Generated,https://www.google.com
172,Generated,https://www.google.com
173,Generated,https://www.google.com
174,Generated,https://www.google.com
175,Generated,https://www.google.com
176,Generated,https://www.google.com
177,Generated,https://www.google.com
178,Generated,https://www.google.com
179,Generated,https://www.google.com
180,Generated,https://www.google.com
181,Generated,https://www.google.com
182,Generated,https://www.google.com
183,Generated,https://www.google.com
184,Generated,https://www.google.com
185,Generated,https://www.google.com
186,Generated,https://www.google.com
187,Generated,https://www.google.com
188,Generated,https://www.google.com
189,Generated,https://www.google.com
190,Generated,https://www.google.com
191,Generated,https://www.google.com
192,Generated,https://www.google.com
193,Generated,https://www.google.com
194,Generated,https://www.google.com
195,Generated,https://www.google.com
196,Generated,https://www.google.com
197,Generated,https://www.google.com
198,Generated,https://www.google.com
199,Generated,https://www.google.com
